clip_id,n_words_committed,audio_sec,proc_sec,rtf,median_word_lat,p95_word_lat,streaming_wer,streaming_cer,reference,streamed
clip_000,96,42.454,9.618,0.227,0.0,0.0,0.3053,0.0799,giet il-wejtress u poġġietilhom it-tazzi fuq il-mejda jason iqsar minn robert sa fl-aħħar xon ħass dan il-kliem jieħu sura ġo moħħu u nħasad tant li waqaf zoptu u l-oħrajn daħlu ġo fih daq biċċa alġerin li tant ħa grazzja magħha li talabha timmudellħlu u ħallielha warajh statwetta imma ma jafx min jaf forsi kien hemm iżda ma ppruvajtx wisq surġent oħroġ lill-ħati jistenna barra u agħlaq il-bieb tas-sala u mbagħad yes baqa' surġent fil-kumpanija ta' l-imdina u kien dejjem l-ewwel wieħed meta ham bżonnu biex ifieraq xi ġlieda jew biex jaqbeż f' xi għelt ieħor,ġiet il-wajtres u poġġitilhom it-tgħaz-zji fuq il-mejda jason iqsar minn robert sa fl-aħħar xon ħas dan il-kliem jieħu sura ġo moħħu u nħasad tant li waqaf soptu u l-oħrajn daħlu ġo fih daq biċċa għal ġeħrin li tant ħa grazzja magħha li talabat immudellalu ħalli għa warajh sta' twetta' imma ma jafx min ja f' forsi kien hemm iżda ma appruvajtx wisq surġent oħroġ lil ħati jistenna barra waraq il-bieb tas-sala imbagħad jis baqa' surġent fil-kumpanija tal-imdina u kien dejjem l-ewwel wieħed meta hem bżonnu biex ifiraq xi ġlieda jew biex jaqbeż f' xi għeld ieħor
clip_001,87,42.818,9.758,0.228,0.0,0.0,0.2697,0.0613,dgħajjes oħra m' għandniex ta' meta kienu jmorru jżuru lin-nanniet fil-milied le le żgur hawn xi wieħed tal-klikka tagħha xon li kieku konna miftehmin ma' sister katerina u sister luigina l-ġurnata ta' qabel kienu jikkanċellaw l-appuntament wara marret u ġabret il-ġewlaq li kienet ġabet magħha u minn ġewwa fih ħarġet flixkun ċkejken dan żejt taż-żagħruna ifejjaq il-ġrieħi li għandkom ejja mela kompli wrina x' jiswew tal-partit tiegħek iżda ġralu l-istess daħal lura d-dan id-dar attent li ma jagħmilx ħoss b' seba' għajnejn mhux qamet ineż fil-frattemp u niżlet isfel,dħajjes oħra m' għandniex ta' meta kienu jmorru jżuru lin ngħanniet fil-milied le le żguraw xi wieħed talklikka tagħha xon li kieku konna miftemin ma' sister caterino u sister l-wiġina l-ġurnata ta' qabel kienu jikkanċellaw l-appuntament wara marretu ġabret il-ġewlaq li kienet ġobed magħha u minn ġewwa fejn ħarġet flixkun ċkejken dan żejt taż-żaruna jfejjaq il-ġrieħi li għandkom ejja amela kompli wrina xi swew tal-partit tiegħek iżda ġralu l-istess daħa allura ddaid-dar attent li ma jagħmilx ħoss b' seba' għajnejn mhux qamed ines fil-frattemp u niżlet isfel
clip_002,46,20.925,2.004,0.096,0.0,0.0,0.3,0.0675,imma kellu joqgħod u dawk it-tiri tal-kanuni li b' sinjal ta' ferħ sparaw f' nofsinhar il-franċiżi ħasshom bħal imrietel isabbtu fuq qalbu marija ġiet għalija bil-karozza tagħha u ħaditni narah josef ma naqass li semmilu wkoll miss katanja u jiddiskrivilu l-mod kif tilbes kif titkellem u kif inhu ffissat fuqha,imma kellu joqgħodu dawk it-tiri tal-kanuni li b' sinjal ta' ferħs parawn f' nofsinhar il-franċiżi ħasshom bħall-imrietel li sabbtu fuq qalbu maria ġiet għalija bil-karozza u ħaditni narahinjosef ma naqas li semmilu wkoll mis katanja u jiddiskrivilu l-mod kif tilbes kif titkellem u kif inhuffissat fuqha
clip_003,116,51.711,15.96,0.309,0.0,0.0,0.2661,0.0683,l-iżjed meta kien jaf sewwa min huwa u xi ġralu u dan ħabbu u kien iżommu bħal kieku ħuh appuntu surmast kompla jpespes cassar ara li aħna nkunu dejjem irġiel wieġbu l-bundnar filwaqt li raġa' tafa' l-pipa fil-but u qabad il-ħabel tal-kappestru f' idu intefgħu jistrieħu hemmhekk issa sew qal bejnu u bejn ruħu fra mudest irrid immur miss qalilha roberto b' ċerta urġenza minħabba li kien jaf li jrid jiftaħ il-buttuni tal-qmis malajnr għax inkella kienet se tix tixpakka meta jsir majjal jien kont ili xi tliet snin ma nidħol għall-festivals għax kont inħoss li l-impenji tiegħi fil-lukandi kienu biżżejjed kien jittratta dwar iż-żrieragħ hemm bżonn ta' aktar sigurtà f' paceville u la jinteressani la nagħtih importanza u nixtieq kont nista' ngħaddi mingħajru,l-iżjed mata kien jaf sewwa min huwa u xi ġralu u dan ħabbu u kieniżommu bħal kiekuħuh appuntu sur mas kompla jpespe kassar ara li aħnakudehem rġiel wiġb bnar filwaqt li raġa' ta' falpipa fil-but u qabad il-ħabel tal-aptrufidu intfgħu jistrieħu hemmhekk issa sew qal benu bejruħu fra mudest irrid immur miss qalilha robertob' ċerta urġenza minħabba li kien jaf li jrid jiftaħ il-buttuni tal-qmis malajr għax inkella kienet se tix tixpakka meta jsir majjal jien kont ili xi tliet snin ma nidħol għall-festivals għax kont inħoss li l-impenji tiegħi fil-lukandi kienu biżżejjed kien jittratta dwar i-żrieraħ hemm bżonn ta' aktar sigurtà f' paċevil u la intaressani l-a natih importanza u nixtieq kont nista' ngħaddi mingħajru
clip_004,89,37.826,6.751,0.178,0.0,0.0,0.2174,0.0336,u dak li għandhom jagħmlu l-għada ma jibqax tant importanti min jara l-ġrieden min jara l-wirdien min jiftaħ il-pitazzi u jsibhom mimlija żunżan mejjet nixtieq ngħidlek li issa nista' anki narak hawn ħasbu li kien aktar interessat fir-riċerka li kien għamillu dwar il-proġerija segwieni lura 'l isfel u baqa' jsegwini jien u nħaffef imsarni f' saqajja lejn il-grawnd tal-futbol imbagħad ġamri wegħidha li kellu jibdlilha l-ħġieġ miksur kollu u l-qilla tagħha bdiet tibred bil-mod jien niġi l-aktar imma aktar tard bdew jagħtuna l-porga f' għamla ta' ċikkulata li konna nixtru mingħand l-ispiżjar,u dak li għandhom jagħmlu l-għada ma jibqax tant importanti min jara l-ġlieden min jara l-wirdien min jiftaħ il-pitazzi u jsibhom mimlija żunżan mejjet nixtieq ngħidlek li issa nista' anki nara kawn ħasbu li kienaktar intressat fir-riċerka li kien għamillu dwar il-proġerija segwieni lura 'l isfel u baqa' jsegwini jien u nħaffef imsarni f' sa qajja lejn il-grawnd tal-futbol imbagħad ġamri wiegħda li kellu jibdlilha l-ħġiġ miksur kollu l-illa tagħha bdiet tibred bil-mod jin niġil aktar imma aktartard bdew jagħtuna l-porga fgħamla ta' ċikkulata li konna nixru mingħand l-ispiżjar
clip_005,106,50.26,15.657,0.312,0.0,0.0,0.2523,0.0543,ngħidha u mar ingħalaq f' kamartu ma jrid jaf b' xejn iżjed donnha rie sqa l-mewt fuqu wara kollox l-istorja dwar oħt gunther kienet ixxukkjatu nazju l-barklor u kienet qaltli li r-reliġjon kultant għandha ħabta tifred flok tgħaqqad imbagħad dilka marġerina stork jew butir tal-papra kif kienet issejjaħlu hi u neħduha mal-kafè u darba ġiljan qalli kien hemm mara mhux malta ta għax madonna malta għadna lura għadna qisna qed ngħixu taħt xi ma nafx min i ma ninqabdux bħal żewġ ġrieden fin-nassa ħarsu ħarsa madwarhom u spalla ma' spalla baqgħu sejrin lejn it-triq tal-imħażen u kien biss meta ċeda li bdiet tassew taħdem l-azzjoni ta' vitanova,nħajdha u marinagħalaq f' kamartu ma jrid jaf b' xejn iżjed donnha riesqal-mewt fuqu u wara kollox l-istorja dwar oħtu gunter kienet ixxukkjatu nazju 'l barklor u kienet qallili rreliġjon kultant għandha ħabta tifret flok tgħaqad imbagħad dil-kamar ġerina stork jew butir butir tal-papra kif kienet issejjaħ lu hi u neħduha mal-kafè u darba ġiljan qalli kien hemm mara mhux malta ta'għax madonna malta għadna lura għadna qisna qed ngħixu taħt xi ma nafx min hi ma ninqabdux bħal żewġ ġriedhem fin-nassa ħarsu ħarsa madwarhom u spalla ma spalla baqgħu sejrin lejn it-triq tal-imħażen u kien biss meta ċegħda li bdiet tassew taħdem l-azzjoni ta' vitanova
clip_006,94,46.289,12.69,0.274,0.0,0.0,0.2917,0.0681,moħħni biex ninħeba wiċċu aħmar il-lejl it-tajjeb ħanini qaltli bi tpespisa għal mill-inqas ħames minuti bqajtu siekta fil-karozza going nowhere ernest qatgħetlu kliemu ommu hekk kif reġgħet għolliet rasha minn fuq il-biċċa xogħol li kienet qed tikteb in-nanna miraklu jkollha tagħmel din id-darba biex tfejqu kompla miegħu xon l-istejjer kollha xi ftit jew wisq kellhom togħma seswali u l-lejl kollu f' kumpanija tiegeħu għidtli li issa stajt tħossu madwarek qalilha xon u nanntu fehmet mill-ewwel int ma rajtux staqsewh it-tlieta flimkien li ssegwi pjan li deep down taf li mhux se jirnexxi imma tkompli xorta waħda,moħni biex ninħebha wiċċu aħmar ilejl it-tajjeb ħanini qalt li bit pespisa għal mill-inqas ħames minuti bqajtu siekta fil-karozza going nowar arnest qatgħetlukliemu ommu hekk kif reġa' tgħolli t rasa minn fuq il-biċċa xogħol li kienet qed tikteb in-nanna miraklu jkollha tagħmel din id-darba biex tfejqu kompla miegħu xon l-istejjer kollha xi ftit jew wisq kellhom toma seswali u l-lejl kollu f' kumpanija tiegħu ħetlili issa stajt tħossu madwarek qalilha xon w ħanantu femgħet mill-ewwel int ma rajtux staqsewħitlieta flimkien lis-segwit pjan li dib dawn taf li mhux se jirnexxi imma tkompli xorta waħda
clip_007,29,14.116,1.113,0.079,0.0,0.0,0.1875,0.037,staħba wara kolonna u malli ż-żewġt irġiel kienu għaddew ħareġ qisu ljun feroċi jgħajjat u jfajjar bl-imħadda fuq rashom b' kemm kellu saħħa żigarella safra marbuta ma' zokk ta' xkupa u int,staħba wara kolonna u malli ż-żewġt irġiel kienu għaddew ħareġ qisu ljum feroċi jgħajjat u jfajjar bl-imħadda fuq rashom b'kemm kellu saħħa żigarella safra marbuta mazzokta xkupa u int
clip_008,76,43.975,10.187,0.232,0.0,0.0,0.2051,0.0445,jiena sejjer f' kamarti qed jistennewh hemm barra allura meta se nibdew niktbuh l-artiklu kien qiegħed isaqsi denis wara li ħaslithom ħasla bl-ilma fietel kienet dikitilhom kull ġerħa u kull gidma biż-żejt taż-żagħruna u l-ispirazzjoni tant tkun qawwija li ma nkunx nista' nirreżistiha aktar kienet qed ittir imdawra bil-friefet ikkuluriti sadanittant salvu tar-razzett kien ġa ħejja l-gidja u kien sejjer biha l-kunvent bil-mod il-mod bdiet dieħla d-drawwa tas-siġra tal-milied fuq il-komodina kellu statwa ċkejkna ġo kaxxa tal-ħġieġ hekk,jien sejjer f' kamarti qed jistennewh emm barra allura meta se nibdew niktbuh l-artiklu kien qiegħed isaqsi dennis wara li ħasslithom ħasla bl-ilma f' ietel kienet tiltidlikhom kull ġerħa u kull gidma biż-żejt taż-żaruna u l-ispirazzjoni tant tkun qawwija li ma nkunx nista' nirreżistiha aktar kienet et ittir imdawra bil-f'riefet ikkulluriti sadanittant salvu tar-razzett kien ġa ħejja l-gidja u kien sejjer biha l-kunvent bil-mod il-mod diddieħlad-drawwa tas-siġra tal-milied fuq il-komodina kellu statwa ċkejkna ġokaxxa tal-ħġieġ hekk
clip_009,100,47.229,12.747,0.27,0.0,0.0,0.3137,0.0896,ma xtaqx jagħtiha ċ-ċans li jkollha għalfejn titfa' xi ħtija oħra fuqu tgħaxxaqt nara d-dixxiplina u l-ordni fit-traffiku kollox imfassal bil-ħsieb u kulħadd jgħodd għar-regolament bla tlaqliq nispera li tħobbha u m' intx tużaha għax m' għad baqagħlek lil ħadd iżda kien tard wisq tant qiegħed fil-qrib li qed jgħatti lil robert u kevin ikollu jċaqlaq rasu u jgħolli għonqu għax kulma qed jara n-nokkli s-sofor ta' robert iii x' għarukaża li nemmnu f' dak li rridu fejn hi mark delija iż ġojning di protesters sitta u ħamsin kif jien għax qalli li jekk nieħu sehem f' xi tellieqa u nispiċċaw fowtowfinix,ma xtaqx jagħtiha ċans li jkollha glfejn titfa' xi ħtija oħra fuqu ta xtaqt nara d-dixxiplina u l-ordni fit-traffiku kollox infassal bil-ħsieb u kulħadd jogħod għar-regolamenti blat la qlieq nispera li tħobbha u intix tużaħha għax ma tbaqgħalek il-ħadd iżda kien tard wisq tant qiegħed fil-qrib li qed jgħatti lil robert u kevin ukollu jċaqlaq rasu u jgħolli għonqu għax kulm ed jara ħnnokkli sofor ta' robert i xaru każa li nemmnu f' dak li rridu fejn hi mark delijas ġorning the protestors sitta u ħamsin kif jien għax qalli li jekk nieħu shem f' xi tellieqa u nispiċċaw fowtowfinix
clip_010,67,38.792,7.884,0.203,0.0,0.0,0.25,0.0547,inqabad fuq l-ajrudrom ta' ħal luqa xħin bdew niżlin il-bombi eħe iva l-eżamijiet kompla missieru ħallih imur għal boxxla xjaten imma ommu ma kinitx hemm kienet semgħet kemm-il xniegħa min-nies tat-triq dwar it-taqtigħa fuq il-baħar qrib malta iktar għajnejn jitkażaw u joqtlu bil-ħars iżda pietru jserra mjserra l-injama bil-wiċċ tal-banketta b' kollox ma jirnexxilux jagħfashom eżatt f' daqqa imma xorta waħda għax it-tejp jibda jdur kollox għar-rimi issa,inqabad fuq l-arjudrom ta' ħalluqa x'imdew niżlin il-bombi eħe iva l-eżamijiet kompla missieru ħallih imur għal boxla xjaten imma ommu ma kienit x'hemm kienet semgħet kemm il-xnieha min-nies tat-triq dwar it-taqtija fuq il-baħar qrib malta iktar għajnejn jitkażaw u joqtlu bil-ħars iżda pietru jserra ma serra linjama' bil-wiċċ tal-banketta b' kollox ma jirnexxilux jafashom eżadt f' daqqa imma xorta waħda għax it-tejp jibda jdur kollox għarrimi issa
clip_011,101,47.786,12.791,0.268,0.0,0.0,0.2059,0.0359,fejn il-bieb tal-ħadid il-bieb l-isfar minn fej toħroġ ġowi l-ħendimen fil-barmil f' idu alla l-imbierek ried jgħinni it-tjubija tiegħu għerfu l-imħabba li kulħadd kellu għalih nisslulu mibegħda kbira fil-qalb ta' gaspru dalas madankollu gaspru kien jur ruħu il-bieb ta' wara kien imsakkar irrid noħrog minn din il-gaġġa minkejja li kont nitwaħħax minnhom fis-salott u l-kamra tal-pranzu kelli l-permess nidħol xħin irrid telaqha lura fuq l-imħadda u ftit wara rremettiet fortunatament mal-art dakinhar għall-ewwel darba tlewmu bil-kbir u int se ssaqsi lili wieġbu bl-istess aċċent imm alla l-imbierek ma jħallass nhar ta' sibt gaspru dalas l-ispjun tal-ħakem u l-erba' suldati li kellhom magħhom,fejn il-bieb tal-ħadid il-bieb l-isfar minn fejn toħroġ ġowi l-hendimen fil-barmil f' idu alla l-imbierek ried jgħini it-tjubija tiegħu għerfu l-imħabba li kulħadd kellu għalih nislulu mibegħda kbira fil-qalb ta' gaspru dalas madankollu gaspru kien juri ruħu il-bieb ta' wara kien imsakkar irid noħroġ minn din il-gaġġa minkeja li kont nitwaħħax minnhom fissal-gottu l-kamr tal-pranzu kelli lpermess nidħol x' kienirrid telaq ħa lura fuq l-imħadda u ftit wara rremettiet fortunatament malart dakinhar għall-ewwel darba tlewmu bil-kbir u inti sessaqsi lili wieġbu bl-istess aċċent imm alla l-imbirek ma jħallass nhar ta' sibt gaspru dalas l-ispjun tal-ħakem u l-erba' suldati li kellhom magħhom
clip_012,76,36.23,6.854,0.189,0.0,0.0,0.2564,0.0505,kif la ġanni kien qed jgħin lil dawk in-nies tajjeb li tibqa' tgħinhom hi issa kwarta bil-qajla l-qajla waslu sal-gżira ċkejkna ta' filfla u baqgħu deħlin fil-bajja żgħira li kien hemm quddiemhom għada deffist żewġt iswaba' ġol-fetħa ta' ħalqu u bdejt ngħarraxlu lsienu ħallejtu jgħid fuq kemm bata inġustizzji politiċi vjolenza fiżika fuq kemm missieru qala' transfers politiċi wkoll u issa qegħdin tajjeb m' hemmx triq oħra mir-rokna t' għajnu ra lit-tielet wieħed jerġa' jqum ma nibżax minnek,kif laġanni kien qed jgħin lil dawk in-nies tajjeb li tibqa' tgħinhom hi jissa kwarta bil-qajla l-qajla waslu sal-gżira ċkejkna ta' firfla u baqgħu deħlin fil-bajjel żgħira li kien hemm quddiemhom għaħda deffiżż-żewġt iswaba ġo l-fetħa ta' ħalqu bdejt narraxlu lsienu ħallejtu jgħid fuq kemm bagħta inġustizzji politiċi vjolenza fiżika fuq kemm missieru qala transferts politiċi wkoll u issa qegħdin tajjeb m' hemmx triq oħra mir-rokna tajnu ra li t-tielet wieħed jerġa' jqum ma nibżax minnhek
clip_013,91,55.153,29.073,0.527,0.0,0.0,0.2967,0.0521,erica ma kellhiex il-wiċċ titlob lura b' jedd il-kwadru li ma kienx aktar tagħhom riku u minnufih inguterra tommew pellegrino w-imperja li kienu kollha im de aħjar aj mejk e muv ix-xitwa t-tajba sur pitirross u hekk kif l-għasfur dawwar ħarstu 'l isfel jilmaħ lil mejxi l-bebbuxu roberto beda jħoss it-tisfir f' widnejh li kieku dil-kreatura taħ lewwa indeskrivibbli newwaħ f' idejh setgħgt tħkun taf x' kien hemm lest għliha ix-xemx kienet diġà waslet lejn nofsinhar dik il-ħabta kont għadni żagħżugħ ta' tmintax sebgħin wieħed u sebgħin tiġi for tu siksts,erika ma kelliex il-wiċċ titlob lura b' jedd il-kwadru li ma kienx aktar tagħhom riku u minnufih inguterra tommew pellegrino w imperja li kienu kollha mde aħjar ajmej kemuv ix-xitwa t-tajba sur pitir ross u hekk kif lħasfur dawwar ħarstu l isfel jilmaħ lil-mejxi il bebuxu roberto beda jħoss it-tisfir f' widnejh li kieku di l-kreatura tah lewwa indeskrivibbli tnewwah f' idejh setgħet tkun taf x' kien hemm les għalija ix-xemx kienet diġà waslet lejn nofsinhar dik il-ħabta kont għadni żagħżugħ tat tmintax sebgħin wieħed u sebgħin tiġi for tu siks
clip_014,110,64.748,44.748,0.691,0.0,0.0,0.2162,0.0423,inħossh hawn il-ħin kollu tħares lejja tara li nobdi kull ordni li tatni li nimxi fit-triq it-tajba jew tiġri minn art għall-oħra u terġa l-ura wara l-gwerra lejn artek mimli midalji u mimli ġieħ meta mbagħad wara l-form fajv bdejt nattendi għall-arti biss flimkien ma' erba' studenti oħra is-sur fenek kliem silenzjuż li trid tifhem biex tisimgħu u qabel qbadt l-aħħar bagalja rfajt liż-żgħir u għidtlu biex xi darba meta jikber imma kull meta ndoqq it-tejp xi mkien nismagħha ħadd ma jagħti kasi issib lil salamander u dan għaliex is-saltna tal-fiddien tkun waslet fit-tarf kien imgħaddab għalih innifsu għax minflok iċ-ċanfir tas-sur borg lil pietru kien qalgħu rigal ta' ħames liri,inħoss hawn il-ħin kollu tħares lejja tara li nobdi kull ordni li tagħtni li nimxi fit-triq it-tajba jew tiġri min gar għall-oħra u terġa' lura wara l-gwerra lejn artek mimli midalji u mimli ġih meta mbagħad wara l-form fajv bdejt nattendi għall-arti biss flimkien ma' erba' studenti oħra is-sur fenek tliem silenzjuż li trid tifhem biex tisimgħu u qabel qbaħat l-aħħar bagalja il fajt liż-żgħir u għidtlu biex xi darba meta jikber imma kull meta ndoqq it-tejb ximkien nismaħħa ħadd ma jagħti kasi is-sib lil salamander u dan għaliex is-saltna tal-fiddien tkun waslet fit-tarb kien imgħaddab għalih innifsu għax minflok iċ-ċamfir tas-sur borġ li l-pietru kien qalgw rigal ta' ħamesliri
clip_015,75,39.912,7.802,0.195,0.0,0.0,0.1733,0.0412,kien qed jitħeddel u ma kellux il-ħsieb li joffri reżistenza wisq probabbli kellhom dil-koa-kopja fl-istokk l-antik u ħarġuha fuq l-ixkaffa forsi tinbiegh is-segretarja kienet ma' għadd ta' studenti li kienu ilhom li bdew il-kors u lilha tefagħha ma' dawk tal-bidu u ftit wara kienu ġew dawk it-tnejn u qaluli ħaww guf owkej imma setgħu kienu tal-er malta jien naf jew rojal er marok imbagħad xħin l-istess riħ iwarrab ftit l-istess paġna tierġa' lura f' postha,kien et jitħeddel u ma kellux il-ħsieb li offri reżistenza wisq probabbli kellhom dil-ko-dil-kopja fl-istokk l-antik u ħarġuha fuq l-ixkaffa forsi tinbigħ is-segretarja kienet ma' għadt ta' studenti li kienu ilhom li bdew il-kors u li lilha tefaħħha ma' dawk tal-bidu u ftit wara kienu ġew dawk it-tnejn u qaluli ħaw guf owkej imma setgħu kienu tal-er malta jien naf jew rojaler marok imbagħad xin l-istess riħ iwarrab ftit l-istess paġna terġa' lura f' posta
clip_016,97,50.879,15.845,0.311,0.0,0.0,0.2157,0.0545,ma kienx jaf kemm kien ilu ġol-masġar iżda kien qed iħoss li kien ilu ħafna knisja u maħfra lil kulħadd kont tidħak bija ridt indaħħal idejja fil-but tal-ġlekk tiegħu u ma tarax ajma hekk kien iservi ġranet bla ma jiqras u jwaħħal iż-u jwaħħal iżjed mid-dqiq magħġun bl-ilma biss wieħed u sebgħin dik kienet xi ħaġa naturali li seta' jagħmilha kulħadd u tant kont mitluf naħseb u nipprova nifhem li ċ-ċaqliqa tas-sur testa ħasditni iv ju downt it jull bi sikk kienu ġew il-jum ta' qabel bl-aħbar ta' x' kien għamel mikiel f' ħal tartani u f' ħal tarxien ħa nibda minnek,ma kienx jaf kemm kien ilu ġolmażġar iżda kien qed iħoss li kien ilu ħafna knisja u maħfra lil kulħadd kont titħakkbija ridt indaħħal idejja fil-but tal-ġlekk tiegħu u ma tarax ajma hekk kien iservi ġranet bla ma jiqras u jwaħħal jwaħħal iżjed mitqieq ma' ġun b'l-ilma biss wieħed u sebgħin dik kienet xi ħaġa naturali li seta' jagħmelha kulħadd u tant kont mitluf naħseb u nipprova nifhem li ċ-ċaqlieqa tas-sur testa ħasbitni ivju dawntqid ju lbisik kienu ġew il-jum ta' qabel bl-aħbar ta' x' kien għamel mkiel f' ħal tartani u f'ħal tgħarxien ħa nibda minnek
clip_017,92,44.303,11.481,0.259,0.0,0.0,0.2747,0.0594,mela ġibu miegħek lil ġejmi jista' jilgħab maż-żgħira ma' ejmi meta sema' dak l-għajat kollu in-nannu qam jiġri b' ħasda kbira u staqsa lil wili x' kien ġara forsi dil-konversazzjoni kollha kienet reċ-reċta għalik għal xi raġuni li kont għadek ma stajtx tifhem seta' anka kien hemmxi ħaddieħor ħasset il-preżnza ta' dell barrani fil-karozza iżda ma kellha l-ebda ħajra tkun taf riku kien ħaseb għal dan dan dan ukoll duluri ferħu b' xulxin u daħlu kollha ġewwa fejn sabu d-dar bla mimsusa għax il-franċiżi ma kinux marru jżuruha du ju prej,mela ġibu miegħak lil ġejmi jista' jirlgħab maż-żgħira ma jgijmi meta sema' dak l-gajat kollu in-nannu qam jiġri b' ħażda kbira u staqsa lil weli x' kien ġara forsi dil-konverżazzjoni kollha kienet reġ-reċta għalik għax għal xi raġuni li kon għadek ma stajtx tifhem setanka kien hemm xi ħadd ieħor ħasset il-preżenza ta' tel barrani fil-karozza iżda ma kellha l-ebda ħajra tkun taf rikku kien ħasseb għal n al danukoll duluri ferħu b' xulxin u daħlu kollha ġewwa fejn sabu d-dar bla mimsusa għax il-franċiżi ma kinux marru jżuruha du ju prej
clip_018,146,59.398,37.248,0.627,0.0,0.0,0.2333,0.0455,sidiek kbir wisq ma inħossni nifga meta jagħfas ma' wiċċi mija tnejn u sittin imma is-sultan la valette ma kienx raġel li jimla rasu bid-duħħan tal-vitorja u jinsa dmiru għal li ġej imma wkol għax kienu ħarbtulna ġidna għax kienu ħadulna d-drittijiet li kellna għax kienu ħassrulna d-drawwiet tajba kollha mattew xi kliem hu dan tiegħek xon kien jaf li sħabu kienu qed jaħsbu dak li kien qed jaħseb hu li dawk kienu l-istess nies li qallbu r-razzett ta' taħt fuq u meta narahom jinkeddu kont nitla' fis-seba' sema tomi niżel minn fuq ir-rota tiegħu u baqa' ftit 'il bogħod mis-siġra għax xorta ma tantx kien qed jafdaha wara l-battikata li kienet tatu l-ewwel darba li nqabad taħtha xi drabi kienet tħoss qalbha tingħafas li l-maltempati ta' żgħożithom kienu ġew ridotti għal dawk iż-żewġ bewsiet fuq truf subgħajha u mill-ewwel ġibed l-attenzjoni ta' kulħadd għax din il-kelma kienet stramba għalihom,sidi kbir wisq ma inħossni nifga meta jaħfasma' wiċċi mija tnejn u sittin imma is-sultan la valett ma kienx raġel li mla rasu bid-duħħan tal-vittorja u jinsa dmiru għalli ġej imma wkoll ghax kienu ħarbtulna ġidna għax kienu ħadulna d-drittijiet li kellna għax kienu ħasrulna -drawwiet tajba kollha mattew xi klimhu dan tiegħek xon kien jaf li sħabu kien qed jaħsbu dak li kien qed jaħseb hu li dawk kienu l-istess nies li qalbu r-razzetta taħt fuq u meta naraom jinkeddu kont nitla fis-seba' semħa tomi niżel minn fuq ir-rota tiegħu u baqa' ftit il bogħod mis-siġra għax xorta ma tantx kien qed jafdawarha -battikata li kien qed tgħtu l-ewwel darba li nqabad taħta xi drabi kienet ħoss qalba tingħafas lil maltempati ta' żgħożithom kienu ġew ridotti għal dawk iż-żewġ bewsiet fuq truf subgħaja u mill-ewwel ġibet l-attenzjoni ta' kulħadd għax din il-kelma kienet stramba għalihom
clip_019,120,52.592,20.871,0.397,0.0,0.0,0.3226,0.071,ċlupp qgħadt tisma' l-ilma nieżel mill-kamra l-oħra żobbok jidbiel bis-sekondi ġismek għarqan xraba u riħa tinten tielgħa minn taħt abtek jew f' dada bħal dik li tatni kerolajn inġib it-tpinġijiet tiegħi imma dawn ma jegħjew qatt marija mill-banda l-oħra bogħod mill-maħbub tagħha bogħod minn pajjiżha u aqgħet fi swied ta' qalb li jbażża baqa' f' moħħok dal-proxxmu patri ġann litta u margat kap ta' sant' anġlu li kienu fuq il-bieb iħarsu lejhom bkew it-tlieta bħal trabi bkew il-ħitan kien jibki dallas kieku kien hemm mal-biki u l-għajat tat-tifla n-nies tad-dar i kollha ġrew għal fejn il-marid le ibni u jekk dun belinn jisma' b' xi ħaġa ftakar li meta morna għand is-sur slaw jien kont għadni ma naf b' xejn għax għamilthieli kerha l-lejla,xlubb qatt isma' l-ilma nieżel mill-kamra l-oħra żobok jitbiel bis-sekondi ġismek għarqan xraba u riħa tintentiela minn taħ tgħabtek jew fdada bħal dik li tatni carolin inġib it-tpinġijiet tiegħi imma dawn ma jgħejjew qatt marija mill-banda l-oħra bogħod mill-maħbub tagħha bogħod minn pajjiża waqħet fis-swied ta' qalb li jbeżża baqa'f moħħok dal-proxmu patri ġann litta u margat kap ta' sant anġlu li kienu fuq il-bieb i ħarsu lejhom bkew it-tlieta bħal trabi b'kew il-ħitan kien jibki dallas kieku kien hemm mal-biek i u l-għajjat tat-tifla n-nies tad-dar kollha ġrew għalfejn il-marid le ibni u jekk dun belin jisma' b' xi ħaġa ftakar li meta mor na qand is-sur slaw jin kont għadni ma naf b' xejn għax gamiltili kerhħa llejla
clip_020,69,30.03,4.225,0.141,0.0,0.0,0.1765,0.0364,u iva insomma qal malajr roberto hu kien winger tajjeb u allura l-bovis kien iħallih bi kwietu imma idit intom x' se tagħmlu sakemm hemm il-ħajja hekk it-tama u minkejja f' kulma jgħidu ftit huma dawk li ma jfittxux kenn waqt ħbit qawwi mill-ajru u kulħadd kien jistenna 'l xandru dieħel fuq l-idejn in-nannu tbissmilhom kellimhom bħas-soltu u ma semmielhom xejn dwar il-pipa tommy jaqbadha mill-polz u jgħolliha,u iva insomma qal malajr roberto hu kien winger tajjeb u allura l-bovis kien ħalih bi kwietu imma idit intom x' se tagħmlu sakemm hemm il-ħajja hekk ittama u minkeja f' kul ma jgħidu ftit huma dawk li ma jfittxu x' kenn waqt bid qawwi mill-ajru u kulħadd kien jistenna l-xandru dieħel fuq l-idejn in-nannu tbissmilhom kellimhom bħas-soltu u ma ssemmilhom xejn dwar il-pipa tomi jaqbadha mill-polz u jgħolliha
clip_021,115,51.904,17.661,0.34,0.0,0.0,0.2564,0.0487,billi l-fammilja ta' tomi kienu jemmnu li kienet il-verità ma jifissirx li kellu jemmen huwa wkoll kristjan tgħidli xejn kemm qed issolvi problema tad-dinja s-ser qalet wendi lil mendi minn ġo din id-daħna fiddiena instema' leħen jgħid kelma waħda ġejsin imma ġo fih kellu s-selvaġiżmu ta' merħla imġewħa ta' buffalos qed jaqsmu s-sevena u jekk la waħda u lanqas l-oħra minħabba n-nuqqas ta' diċenza fil-bajjiet tagħkom żewġi qatta' ħitu jħares lejn nisa oħrajn toni bajjada kien ħiereġ mid-dar missieri ma nafx x' għamel għax dak l-affari jħobb iżommha mistura u kif għabet oħtu bħal ma kellhom bosta mill-qraba u l-ħbieb ta' farruġ wisq drabi saqsa u kulħadd kelma waħda jgħidlu li oħktu ħadd ma ħadha għajr it-torok,billi l-familja ta' tomi kienu jemmnu li kienet il-verità ma jifissirx li kellu jemmen huwa wkoll kristjan tgħidli xejn kemm qed issolvi l-problema tad-din ja s-ser qalet wendili lmendi minn ġo ħdin id-daħna fid-diena instama' leħen jgħid kelma waħda jason imma ġo fih kellu s-selvaġiżmu ta' merħla mġewħa ta' buffalos qed jaqsmu sevena u jekla waħda u lanqas l-oħra minħabba n-nuqqas ta' diċenza fil-bajjiet tagħkom żewġ iqat ta' ħitu jħares lejn nisa oħrajn toni bajjada kien ħireġ mid-dar missieri ma naf xgħamel għax dak l-affari ħobb iżommha mistura u kif għabet oħtu bħalma kelom bosta mil-qraba u l-ħbieb ta' farruġ wisq drabi saqsa u kulħadd kelma waħda jgħidlu li joħtu ħadd ma' ħada għajr it-torok
clip_022,94,46.531,12.747,0.274,0.0,0.0,0.2128,0.037,raqda twila re pankrazju kienu l-elf disa' mija tlieta u sittin inbdilt ħafna sakemm ma tridx noqogħdu għandi it-tifel kien qawwi u sħiħ ferrieħ u fuq ruħu kif dejjem kien u ġilju li kienu jwaslu l-friegħi tagħhom sa f' ħo ġorha ħosbiena għajnejha miksura pietru kien joqgħod jisma' p' attenzjoni kbira wili kien ta' sikwit iwaqqaf lin-nannu biex imerih fuq xi dettalji u jagħmilha tal-għaref qisu salamun it-tieni l-iskrivani fl-uffiċċju ta' missieri kienu kollha rġiel imma niftakar waħda ctajtista il-qamar kien fadallu aktar minn siegħa biex jitla' imma l-ajru kien ikħal daqs in-nir immorru,raqda twila re pan krazju kienu l-elf disa mija tlieta u sittin inbdielt ħafna sakemm ma tridx noqdu għandi it-tifel kien qawwi u sħiħ ferriħ u fuq ruħu kif dejjem kien u ġilju li kienu jwaslu l-friegħi tagħhom saf' ħoġorha ħosbiena għajnejha miksura pietru kien joqgħod jisma' b' attenzjoni kbira wi li kien ta' sikwieti waqaf flin-nannu biex imerih fuq xi dettalji u jagħmilha tal-għaref qisu salamun it-tieni l-iskrivani fl-uffiċċju ta' missieri kienu kollharġiel imma niftakar waħda ta' tajpista il-qamar kien fadallu aktar minn siegħa biex jitla' imma l-ajru kien ikħal daqs in-nir immorru
clip_023,36,15.254,1.148,0.075,0.0,0.0,0.0,0.0,konna nsejħulu ġurdien u nieħdu gost nimbuttawh b' subgħajna u narawh jiġri fuq wiċċ il-mejda u x' nista' nagħmel jiena jinnotah illum u jinnotah għada ġonitin skopra li ġanni ma kienx qed juża t-tojlit ta' barra,konna nsejħulu ġurdien u nieħdu gost nimbuttawh b' subgħajna u narawh jiġri fuq wiċċ il-mejda u x' nista' nagħmel jiena jinnotah illum u jinnotah għada ġonitin skopra li ġanni ma kienx qed juża t-tojlit ta' barra
clip_024,74,41.131,9.038,0.22,0.0,0.0,0.2105,0.053,interrogajtha l-ewwel nett għax uħud minnhom aħjar jibqgħu ma jinkitbux għajnejh magħluqin bi tbissima dgħajfa u d-daqqa li taha kienet qawwija mid-dehra għax ħadet skoss 'il quddiem u baqgħet nieżla mal-art tomi pietru baq-baxx pietru baxxa rasu mħasseb u baqa' sieket għal ftit kola ħassu jistħi jitkellem quddiemu tkellmu ftit iħarsilha f' għajnejha u jagħrafha dik itbissima li dejjem iġġiegħlu jistħi għax qisha qed tkellmu u tgħidlu affarijiet li huma għalih u naqqas il-logħob ma' ħuh,interrogajta l-ewwel nett għax wħud minnhom aħjar jibqgħu ma jinkitbux għajnejh magħluqin bi tbissima dgħajfa u d-daqqa lità kienet qawwija mid-dehra għax ħadet skoss 'il quddiem u baqa' tnieżla mal-art tomi pietru ba ba-pietru baxxa rasu mħasseb u baqa' sieket għal ftit kola ħassu jistħi jitkellem quddiemu tkelmu ftit iħarsilha f' għajnejha u jarrafa dik ittbissima li dejjem iġ-ġegħlu jistħi għax qisha qet tkellmu u tgħidlu affarijiet li huma għalih u naqqas illogħob magħuh
clip_025,92,50.84,15.912,0.313,0.0,0.0,0.1809,0.0396,jattendi regolarment għal-laqgħat eċċt kien jingħata numri numru ta' punti bħala rigal il-ħsieb tagħhom kien li din l-għaqda tiġbor flimkien il-maltin kollha mferrxin mad-dinja biex tħeġġeġ fihom l-imħabba lejn ilsienna ta' kull filgħodu kont tarah ibakkar u jerħilha lejn l-għelieqi 'l barra mir-raħal bis-senter fuq spalltu u l-barżakka mdendla ma' qaddu il-bieb imsakkar u ma nistax nidħol kont nintefa' f' dal-ġnien abbandunat fejn kien hemm ħafna qtates u kont noqgħod nippritt-nippritikalhom dwar dan kollu tomi ma kien jaf xejn ajm bekk ħaj rumani għand emma kienu jmorru klijenti differenti taqsamhom fi ġranet skont tiphom,jattendi regolarment għal-laqħat eċċetra kien jingħata numri numru ta' punti bħala rigall il-ħsieb tagħhom kien li din l-għaqda tiġbor flimkien il-maltin kollha mferxin mad-dinja biex tħeġġaġ fihom l-imħabba lejn il-sinna ta' kull filgħodu kont tarah ibakkar u jerħila lejn ħeliqil barra mir-raħal bis-senter fuq spaltu u l-barżakka mdendla ma qaddu il-bieb imsakkar u ma nistax nidħol kont nintefa' f' dal-ġnien abbandunat fejn kien hemm ħafna qtates u kont noqgħod nippriti-nippridikalhom dwar dan kollu tomi ma kien jaf xejn ajn bak ħaj rumani għand ema kienu jmorru klijenti differenti taqsamhom fiġranet skont tiphom
clip_026,131,66.257,54.782,0.827,0.0,0.0,0.3083,0.0615,kontu hemm rajtu l-mejjet ġowżefin intasbet f' kantuniera tissindika is-sitwazzjoni waqt li manġon fetaħ il-fajl li kellu f'i f'idu u friska li x-xemx ma laħqitx saħħnet anke meta ħarġet minn wara s-sħab u l-ilma beda jiddi lewn il-għasel kull min kien fuq il-vapur resaq jiffolla lejn il-bibien daħħlulna fis-sala fejn jilqgħu n-nies u l-ewwel ħaġa li wrewna kienu l-vetrini mimlija bċejjeċ tal-gwerra kif dejjem tagħmel meta jkunu bilqiegħda haw flimkien jew kull meta jkunu fis-sodda hu rie qed hi ma tistax isib kwiet minħabba l-inħir tiegħu raw folla immarkati ggranfati f' xulxin b' xi rix tal-barbaġann itir madwarhom ma kellus wisq ma kellux wisq x' jagħmel ħlief meta kienu jiġu xi nies interessati biex jixtru l-post kamra hija din li tieħdok minn isfel għal fuq u bil-kontra fi ftit ħin ma nagħmlux mod,kontu hemm rajtu l-mejjet ġo sepin intasbt f' kantunira tissindika s-sitwazzjoni waqt li manġon fetaħil-fajl li kellu -f' idu u friska li jixxemx ma laħqit saħnet anki meta ħarġet minn wara sħab u l-ilma beda jiddi lewn il-għasel kull minn kien fuq il-vapur resaq jiffolla lejn il-bibien daħlulna' fis-sala fejn jilqgħu n-nies u l-ewwel ħaġa li wrewna kienu l-vtrini mimlija b' ċejjaġ tal-gwerra kif dejjem tagħmel meta jkunu bilqiegħd haun flimkien jew kull meta jkunu fis-sodda uu rieqed hima tistax isibkwiet minħabba lin-nħir tiegħu raw follha mmarkati iggranfati f' xulxin b' xi riġ tal-barbaġan itir madwarhom ma kellux wisq ma kellux wisq x' jagħmel ħlief meta nkienu jiġu xi nies intressati biex jixtru il-post kamra hija din li tieħdok minn isfel għal fuq u bilkontra xi ftit ħin ma nagħmlux mgħod
clip_027,60,33.603,4.935,0.147,0.0,0.0,0.2333,0.0499,tiċer u aktar tard dħalt il-kulleġġ tal-għalliema qisu qed jistaħba qagħad taħt il-wiċċ sa geddumu o binti qiegħda thewden xi darba niltaqgħu nieħdu drink flimkien xi tgħid qal lippu is-sinjura manini sejħet malajr lit-tabib tagħha grieg li kien ilu bosta snin malta u kien imsemmi wisq għal għerfu fejn nora qatt m' int se terġa' taħseb fija x' makakkerija dik,tiċer u aktar tard tħalt il-kulleġġ tal-għalliema qisu qed jistaħba qatt taħt il-wiċċ sa geddumu o binti qiegħdha tgewden xi darba niltaqgħu niħdu trink flimkien xi tgħid għal lippu is-sinjura manini sejħet malajr lit-tabib tagħha griek li kien ilu bosta snin malta u kien imsemmi wisq għal ħerfu fejn nora qatt mint ser terġa' taħseb fija x' makakker hija dik
clip_028,107,52.741,26.022,0.493,0.0,0.0,0.2336,0.054,li tipproduċi din l-għoda xi wħud mill-istampi ħarġu skuri ż-żejjed beda jieħu nifsijiet twal biex jikkalma jew jarahom dejjem jew ma jarahom qatt lezz hev sam fann f' dik il-ħemda taqa' fuq kollox fl-aħħar sigħat qabel jisbaħ moħħ peter instema' ċar u luċidu baqgħet tilgħab bil-ħsieb għal ħin twil jiġru bla waqfien kienu telgħu l-għolja kollha u issa sabu rwieħhom sejrin lejn il-wardija jew forsi b' xi mod irnexxielek tikkonvinċi liż-żgħir ta' rapa kompla l-fiddien kellu xi jgħid ma' xi ħadd u f' nofs l-argument qabad it-trajengil tal-biljard u sabbatha mal-art u ġabha tnejn alexandra nsiet iż-żibeġ u l-fjuri ta' ġo xagħarha u kienet tqatta' l-ġranet maġenbu,li tipproduċi din l-għodda xi ħud mill-istampi ħarġu skuri żżejjed u lu beda jieħu nifsijied twal biex jikkalma jew jarahom dejjem jew ma jarahom qgatt lezzħef sam fan f' dik il-ħemda taqa' fuq kollox fl-aħħar sigħat qabel jisbaħ moħ peter instama' ċar u luċidu baqgħet tilgħab bil-ħsieb għal-ħin twil jiġru bla waqfien kienu telgħu l-għolja kollha u issa sabu għurwiehhom sejrin lejn il-wardija jew forsi b' xi mod irnexxielek tikkonvinċi liż-żħir ta'rapa kompla l-fiddien kellu x i jgħid ma' xi ħadd u f' nofs l-argument qabad it-trjangle tal-biljard u sabbatha mal-art u ġaba tnejn aleksandra nsied iż-żibeġ u l-fjuri ta' ġo xara u kienet tqatta' l-ġranet maġenbu
clip_029,95,47.742,15.236,0.319,0.0,0.0,0.1546,0.0421,hemm xi ħaġa nteressanti staqsietha eni waqt li bdiet titfa' l-lożor u l-investi li kienet għadha kif qelgħet minn fuq is-sodda għal ġot-troli tal-bjankerija għall-ħasil sbatax it-tfal ta' ġannina għas-sajf il-kaptan tar-rikażli wiġi silatto spara kanun għal fuq ġifen franċiż li resaq lejn il-port iżżejjed estella ħarset lejn ix-xitla li kellha fil-ġnien imxebilka mal-ħajt li jagħti għal sqaq l-infern lanqas idea ta' x' ħin jista' sar issa intom kollha xhieda li jien ma kelli ebda tort f' dan li ġara qal lin-nies b' wiċċu jixgħel bi tbissima ta' sodisfazzjon nafu kemm ġoger jaħraq kaloriji waqt il-ġirja tiegħu,hemm xi ħaġa interessanti staqsitha ani waqt li bdiet titfal lożor linvesti li kienet għadha kif qelgħet minn fuq is-sodda għal ġotrolli tal-bjankerija al-ħasil spataxit-tfal ta' ġannina ssajf il-kaptan tar-rikażli wiġi silatto spara kanun għal fuq ġifen franċiż li resaq lejn il-port iżżejjed estella ħarset lejn ix-xitla li kellha fil-ġnien imxebilka mal-ħajt li jagħti għal sqaq l-infern lanqas idea ta' x' ħin jista' sar issa intom kollha xhiedha li jien ma kelli ebda tort f' dan li ġara qħal lin-nies b' wiċċu jiexel bi tbissima ta' sodisfazzjon nafu kemm ġoger jaħraq kaloriji waqt il-ġirja tiegħu
clip_030,127,58.295,33.297,0.571,0.0,0.0,0.3798,0.0803,biex immorru warajhom irridu nitilgħu 'l hinn 'il fuq u wrietu b' subgħajha liema naħa l-idea tagħna kienet ġiet milqugħa minn tarf s' ieħor itilha dik il-karba tagħha ħarset lejn sorra sgħira li kienet qiegħdet ftit qabel fuq ix-xriek tal-bisħa u qħabbżilha d-mugħ minn għajnejha sibt ruħi miexja lejn ta' ġorni u minn hemm ħadt in-niżla għall-wied bejn san ġwann u s-swieqi amerikani bdew jintilfu sikwit f' diskussjonijiet imqanqla dwar il-politka u filosofija li piter ma tantx seta' jieħu ħsehem fihom jum jumejn tlieta ilek ma tisma' mingħandu politaka-politikament ma konna naqblu f' xejn imma kont naf li kien ħabib sinċier u stajt nafda fl-irġulija tiegħu f' xi ħin ieħor qraw l-istejjer ferriħin tar-rejiet ta' qalbhom tajba u n-niestagħhom biela u smin u hawn ukoll nixtieq insemmi anedottu ċkejken,biex imorru warajhom ridu nitilgħu il inn 'il fuq u rietu b' subħajhalimnaħa l-idea tagħna kienat ġiet milqugħa minn tarfs ieħor ħarġtilha dik il-karba tagħha ħarġet len sorraħżgħira li kient iegħdet ftit qabel fuq ixriek tal-bitħa u ħabżilha dmugħ minn għajnejha sibt ruħ imiċja lejn ta' ġorni u minn hemm ħadd inniżla gl-wied bejn san ġwħann u swieqi amerikani bdew jintilfu sikwit f' diskussjonijiet imqanqla dwar il-politka u filosofija li piter ma tantx seta' jieħu ħsem fihom jum ju mejn tlieta ilak ma tisma' min għandu olka-politikament ma kona naqblu xejn imma kon naf li kienħabib sinċier u stajt nafda fl-irġulija tiegħu f' xi ħin ieħor raw l-istejjer ferriħin tar-rejjiet ta' qalbhom tajba u n-nies tagħhom b' ietla u smin u hawn ukoll nixtieq isemmi annedottu ċkejken
clip_031,102,49.185,15.128,0.308,0.0,0.0,0.1942,0.0468,il-jum tal-erbgħa li għadda sitta u għoxrin ta' ġunju ġieb miegħu niket kbir għaliex fih inqerdu ħafna nies tax-xogħol kien għadni niflaħ nimxi dak iż-żmien l-arloġġ qatt ma jitreġġa' lura u negħmeż lin-neputija li tifhimni mill-ewwel u kemm jinsa malajr fejn jaqbillu il-ġid li tkun għamiltlu kontra kif taħsibha ssoltu nada ddeċidiet li ma toqgħodx iċċempillu minn qabel mustaċċi folti mibrumin 'il fuq nuċċali ta' ħġieġa waħda għaraftu f' tebqa t' għajn in-nannu salvu għall-biċċa l-kbira tal-maltin passiġġata fi triq ir-repubblika s-sibt filgħodu aktarx tfisser tislim lil diversi nies xħin ra dak l-ilma kollu ma kienx jaf x' se jaqbad jagħmel ma niftakarx,il-jum tal-erba li għadda sitta u għoxrin ta' ġunju ġib miegħu nikt-nikked kbir għaliex fih inqerdu ħafna nies tax-xogħol kien għadni niflaħ nimxi dak iż-żmien l-arloġġ qatt ma jitreġġa' lura u nehmmet lin-neputija li tifhimni mill-ewwel u kemm jinsa malajr fejn jaqbillu l-ġit li tkun għamillu kontra kif taħsibha s-soltu nada ddeċidiet li ma toqgħodx iċċempillu minn qabel mustaċċi folti mibru minil fuq nuċċal ta ħtiġa waħda għaraftu f'tebqa' ta' għajn in-nannu salvu għall-biċċa l-kbira tal-maltin passiġġata fi triq ir-repubblikas-sibt filgħodu aktarx tfisser tislim lil diversi nies x' ħin ra dak lilma kollu ma kienx jaf x' se jaqbad jagħmel ma niftakarx
clip_032,49,18.441,1.712,0.093,0.0,0.0,0.0816,0.0338,kien għadu ma ġiex f' tiegħu mija fil-mija sakemm ħin minnhom tefa siequ f' dik li ħaseb li kienet għadira oħra marija ħass li seta' jgħid kollox jekk niflaħ nimxi jien hawn lest biex niġi magħkom u iżjed ma twalet it-triq warajhom iżjed ħarsu lura u daħqu b' xulxin,kien għadu ma ġiex f tiegħu mija fil-mija sakemm ħin minnhom tefa' siequ f' dik li ħaseb li kienet għadira oħra marija ħass li seta' jgħid kollox jien niflaħ nimxi jien hawn lest biex niġi magħkom u iżjed ma twalet it-triq tagħhom iżjed ħarsu lura u daħqu b' xulxin
clip_033,95,46.474,15.398,0.331,0.0,0.0,0.2737,0.0692,iżda attur professjonali jagħmel kull sagrifiċċju għall-arti tiegħu u bla data tat-twelid taħt l-ittra kien hemm fil-ġenb miktub bħala tifkira il-feluga siefret minn malta fl-erbgħa u għoxrin ta' ottubru bil-barnuża ħamra u l-qoffa tiġġerra ġol-bosk tlaqqat is-smida mill-platti tal-orsijiet ħamsa u sittin serjetà u qalu li se jibdew jagħmlu l-għassa mara oħra issa mastru gerfex kien qiegħed jaqilgħu minn postu qabel jidħol jorqod biex min iċempillu billejl isibu engaged bla kliem bdew mexjin 'il fuq f' ringiela wieħed wara l-ieħor u lilu mbuttawh f' nofshom x' inhu skantat ħasbet bejnha u bejn ruħha audrey emindel,iżda at-tul professjonali jagħmel kull sagrifiċju għall-arti tiegħu u bla data tat-twelid taħt l-ittra kien hemm fil-ġenb miktub bħala tifkira il-feluga siefrt minn malta fl-erbgħa u għoxrin t' ottubru bil-barnuża ħamra u l-qoffa tiġġerra ġol-bosk tlaqqat ismida mill-platti tal-għorsijiet ħamsa u sittin serjetà u qallu li se ibdew jagħmlu l-għassa mara oħra issa massur gervex kien qed jaqelgħu minl postu qabel jidħol jorqod biex min iċempilu billejl isibu ingejżd bla kliem bdew mixjin 'il fuq fringiela wieħed wara l-ieħor u lilu mbuttawh f' nofshom xinu skantat ħasbet bejn a u bejn ruħa u għodri mindell
clip_034,49,20.99,2.064,0.098,0.0,0.0,0.3261,0.0502,għax lill-irġiel ħallihom ftit waħedhom u dlonk jibdew isemmu dak x' għandu ma kienx ippreparat għal missila bħal dik ovvjament xogħol xi ġardinar tajjeb ħafna għax kien perfett it-tieġ kien wasal imma t-torok ġew malta u kien hemm bżonn li jieqaf kollox iżda b' differenza kbira,għax li irġiel ħallihom ftit wa ħedhom u d lonk ji bdew isemmu dak xa għaldu ma kienx ippreparatagħal missielha bħal dik ovvjament xogħol xi ġardinar tajjeb ħafna għax kien perfett it-tiġ kien wasal imma t-torok ġew malta u kien hemm bżonn li jiqaf' kollox iżda b' differenza kbira
clip_035,86,49.801,15.21,0.305,0.0,0.0,0.1932,0.0477,bażilju ma qallibx malta kollha għaliha kienet tħobb tirrakkonta l-istejjer u l-ħrejjef li nibtu mid-danubju stejjer qodma u sbieħ xena wara l-oħra ġabet ċapċip li jtarrax il-kostumi laqqatniehom kif stajna tgħidx kemm qed nieħu gost għamlet sforz biex tqum titfi d-dawl neħħiet iz-żarbun minn saqajha u mteddet bil-ħwejjeġ b' kollox fuq is-sodda kemm ħasbitu iblah ommu għidli ma kif nista' nibqa' ngħix daż-żewġ ħajjiet jaħasra li ma kinux dawk il-ħġejjeġ li jkun jista' jgħix fl-akbar paċi tlaqna għajtet estella hi u nieżla t-taraġ biex jismagħha tommy u jitilqu,bażilju ma għallibx malta kollha għaliha kienet tħob tirrakkonta l-istejjer u l-ħrejjef li nibtu mid-danubju stejjer qodma u sbieħ xena wara l-oħra ġabet ċappċip li jtarrax il-kostumi laqqatniehom kif stajna tgħidx kemm qed nieħu gost għamlet sfost biex tqum titfi id-dawl neħħit iżżarrbu minn saqajha u nteddet bil-wejjeġ f' kollox fis-sodda kemm ħasbitu iblaħ ommu għidli ma kif nista' nibqa' nix daż-żewġ ħajjiet jaħasra li ma kinux dawk il-ħġejjeġ li jkun jista' jgħix fl-akbar paċi tlaqna għajtet estella u jinieżlha t-taraġ biex jismagħha tommi u jitilqu
clip_036,102,48.829,15.406,0.316,0.0,0.0,0.198,0.0367,ħa nerġa' nidħol iltqajt mal-ħabib tiegħi alfred xon u petra kienu ttantaw xortihom biex jilbsu l-elmu u jippruvaw isuquh tħares lura lejn ħwejjiġha li ċkienu u ħalliethom fl-art fil-librerija t' anuba hawn fuq nuùr poġġa ktejjabimsaħħar bil-ħin iżda issa strieħ ħudu paċenzja bija imma m' iniex se nilgħab iżjed dwar dil-biċċa ma' victor qal de carlo inti għin lil ċarli u inti pawl irranġali dawn l-għarrin imsiemer kienet l-ewwel darba li stajt inħares bi sfida ġo dawk l-għajnejn ta' seqer bla ma nibża' minnhom u ħafna lgħobu attenzjonin biex tara x' tgħid u biex lil kulħadd ta tih li hu tiegħu,ħa nerġa' nidħol iltqajt mal-ħabib tiegħi alfred xon u petra kienu ttantaw xortihom biex jilbsu l-għelmu u jipprovaw isuquh tħares lura lejn ħwejjiġa li x' kienu u ħalliethom fl-art fil-librerija ta' nuba hawn fuq nur poġġa ktejjeb imsaħħar bil-ħin iżda issa strieħ ħudu paċenzja bija imma m' iniex se nilgħab iżjed dwar il-biċċa ma' victor qal de karlo inti jgħin lil ċarli u inti pawl irranġali dawn l-ħarrin imsiemer kienet l-ewwel darba li stajt inħares bi sfida ġo dawk l-għajnejn ta' seqer bla ma nibża' minnhom u ħafna lgopu attenzjoni biex tara x tgħid u bix lil kulħadd taħtih li hu tiegħu
clip_037,54,25.02,2.936,0.117,0.0,0.0,0.2593,0.0534,aħna dorna s-sular t' isfel kollu u ma rajnihiex kompla tommy milli qalli fhimt li l-bastimenti ingliżi ġew maħbutin minn xi laneċ żgħar taljani u minn qtajja' kbar ta' ajruplani ġermaniżi u ġarrbu ħafna ħsara imma bil-ħoss tax-xita il-pitirross bilkemm seta' jifhem xi jkun qed jgħidlu mejxi meta dan ikellmu minn ġol-għeluq ta' qoxortu,aħna dorna s-sular t' isfel kollu u ma rajniiex kompla tomi milli qalli fimt lill-bastimenti ingliżi ġew maħbutin minn xi laneġ żgħar taljani u minn qtajja kbar t' ajruplani ġermaniżi u ġarrbu ħafna ħsara imma bil-ħoss tax-xita il-pitirross bilkemm sa tejjifhem xi jkun qed jgħidlu mmejxi meta dan ikellmu minn ġol għeluq ta' qgħoxxortu
clip_038,96,46.219,15.614,0.338,0.0,0.0,0.25,0.0558,il-laqgħa sa tkun oriġinali minħabba li ħa tgħinna naraw l-istorja bil-maqlub kienet serratura kbira bil-ħadida tagħha forma ta' maqrut neħilsek minn dawk li meta tirrakkontalhom ċajta jkompluhielek huma u tħossok tiħmar bil-mistħija xi ħaġa qed tiċċaqlaq hawn jien hawn jien f' loku l-agħar ġurnata ta' ħajti qal spiteri huwa u jżarma l-pistola bl-id ta' espert u kieku jkolli ngħi anqas kien għadhom bejniethom b' dik il-ġibda ta' qabel forsi għax iżżommu b' wieħed tal-professjoni fejn jidħol it-tagħlim jew inkella għax m' għandhiex triq oħra minn fejn tgħaddi x' inhi dil-kamra staqsiet estella malta tal-ġurnata ta' qabel,il-laqgħa sa tkun oriġinali minħabba li ħatejna naraw l-istorja bil-maqlub kienet sirratura kbira bil-ħadida tagħha forma ta' maqrud neħilsek minn dawk li meta tirrakkontalhom ċajta ikomplu ielek huma u tħossok tiħmar bil-mistħija xi ħaġa qed tiċċaqlaq hawn jin hawn jin f' loku l-għar ġurnata ta' ħajti qal spiteri uwa rżar mal-pistola b' lid tal-espert u kieku jkolli ngħid anqas kien għadhom bejniethom b' dik il-ġibda ta' qabel forsi għax iżommu b' wieħed tal-professjoni fejn jidħol it-tagħlim jew inkella għax ma għandhix triq oħra minn fejn tgħaddi x' in jidhir l-kamra staqsijiet estella malta tal-ġurnata ta' qabel
clip_039,92,57.679,29.45,0.511,0.0,0.0,0.2065,0.0381,ir-ramel taħt saqajhom kien jinħass jikwi u meta rnexxielhom jiftħuhom mill-ġdid mitejn sitta u erbgħin xogħol tal-injam għax-xogħol tal-ħadid werkxop ieħor bit-tornijiet mitejn sitta u erbgħin xogħol tal-injam għax-xogħol tal-ħadid werkxop ieħor bit-tornijiet mitejn sitta u erbgħin xogħol tal-injam għax-xogħol tal-ħadid werkxop ieħor bit-tornijiet ma kienx hemm bankijiet jew siġġijiet taf int qaxxruli xagħri xokkijiet solitri konfin konfajnment affarijiet hekk taf li mhux qiegħed f' postu tinsiex li qalbek ħadet battikata kbira mitejn wieħed u għoxrin ġenju ma jistax jissaporti l-pressa tagħfas dejjem iktar taħseb li qablek ma kellix nisa oħra jew,irramel taħt saqajhom kien jinħass jikwi u meta nexxielhom jiftħuhom mill-ġdid mitejn sitta u erbgħin xogħol ta-injam għax-xogħol tal-ħadid werxop ieħor bit-tornijiet mitejn itta u erbgħin xogħol tal-injam għax-xogħol tal-ħadi werko ieħor bi-tornijiet mitejn sitta u ergħin xogħol tal-injam għax-xogħol tal-ħadd werkxop ieħor bi-tornijiet ma kienx hemm bankijiet jew siġġijiet taf int għaxruli xagħri xokkijiet solit ri konfkonfainment affarijiet hekk taf li mhux qiegħed f' postu tinsiex li qalbek ħadet battikata kbira mitejn wieħed u għoxr inġenju ma jistax jissaporti l-pressa tafas dejjem iktar taħseb li qablek ma kellhix nisa oħra jew
clip_040,88,55.958,30.164,0.539,0.0,0.0,0.2222,0.0393,filwaqt li huma t-tlieta jinħmbew fil-pwales u jidħlu fuq dawk iż-ewġ nisa ċerta staqsieha l-ġuvni iżjed ma laħqitx kielet iżjed minn erba' mgħarfiet li ma reġax ħassha ħażin l-aħwa għajjat ir-rajjes kif rah hawn x' naħtfu iżda biex inkompli dwar l-azzjoni kattolika irrid inżid illi għalkemm kienu jeħduna għar-relis tal-ġunta sieħbu mark se jsuq kienu t-tiri tal-kanuni tagħna tliet ġimgħat imqabbad mal-blat fejn kien jitrejjaq bi ftit ħaxix ħażin ma tawhx ġewwa daqs il-jasar taħt idejn l-insara imbagħad minn taħt l-ilsien donnu qed jiddejjaq jgħidlu lissen din id-darba xort oħra,filwaqt li huma tlieta jinħbew fil-puales u jitħlu fuq dak iż-żewġ nisa ċerta staqsiha l-ġuvni iżjed ma laħqitx kielet iżda minn erba' m'għarfiet li ma reġax ħassa ħażin l-aħwa għajjat ir-rħajjes kifrah hħawn x' naħtfu iżda biex inkompli dwar l-azzjoni kattolika irid inżid li għalkemm kienu jeħduna għar-relis tal-ġunta sieħbu mark sejsuq kienu t-tiri tal-kanuni tagħna tliet ġimgħat imqabbad mal-blat fejn kienu jitrejjaq bi ftit ħaxix ħażin ma tawhx ġewwa daqs il-jasar taħt idejn l-insara imbagħad minn taħt l-ilsien donnu qed jiddejjaq jgħidlu lis-senn din id-darba xort oħra
clip_041,40,21.497,2.062,0.096,0.0,0.0,0.3095,0.1016,f' għoxx ommok hu kompla kixef kollox billibgħathom jissimmgħu taħt it-tieqa kif tbegħdu kollha u ma deher ħadd iżjed dak il-bniedem qam minn fejn kien ju tu u tefgħlu ftit trab sewdieni li malajr inħall u tħallat mal-kafè li kien hemm fil-kikkra,foxxommok hu kompla kixef kollox billi bagħthom jisemgħu taħt it-tieqa kif tbegdu kollha u ma' derħat iżjed dak il-mindu nqam minn fejn kien ju tu u tefgħlu ftit trab sewdieni li malajr inħall u tħallat mal-kafè li kien hemm fil-kikra
clip_042,81,35.183,5.9,0.168,0.0,0.0,0.3,0.0474,imma meta l-għada fil-għodu ġakki fetaħ għajnejh sab ruħu ġol-kastell fis-shab kim jew kimberli kienet saret taf lil ralf waqt il-lezzjonijiet tal-ġuġitsu li kien beda jattendi minn xi ftit xhur qabel dam ġimgħa sħiħa jagħti bla nifs bil-mewt tħabbat ma' wiċċu l-ħin kollu u waqa' minn tulu mejjet m' għandu d-dritt jixlik b' xejn mija wieħed u tletin u noħlom u nitla' fis-sħab miegħu minn sidru tista' tibqa' tiela' t-taraġ sparat u ma tagħtix kashom mort il-ħanut ess għandi karozza,imma meta l-għada filgħodu ġak ki fetaħ għajnejh sab ruħu ġol kastell fis-sħab kim jew kim burli kienet saret taf lil ral f' waqt il-lezzjonijiet tal-ġuġizzu li kien beda jattendi minn xi ftit xur qabel dam ġima sħieħa jagħti bla nifs bil-mewt tħabbat ma' wiċċu l-ħin kollu u waqa' minn tulu mejjet m' għandu d-dritt jixlik b' xejn mija wieħed u tletin u noħlomu nitla' fis-sħab mijħu minn sidrum tista' tibqa' tielha t-taraġ sparatu ma tagħtix kashom mortil-ħanut es għandi karozza
clip_043,92,41.501,9.292,0.224,0.0,0.0,0.4,0.1142,fejn poġġejnieha l-extrej tridx nieqfu hawn nistennew li jżemaq għada billi noqtlilha l-għarus tagħha billi njassrilha 'l niesha billi neħodha bilfors taħt idejja daqqa fuq il-kozz t' għonqhom u lanqas naħseb ma rrid żgiċċ m' għarafx kif jaqbad iwieġbu l-ebda sor klarissa ma kienet tidher għad m' hawnx divorzju hawn nieħdu grokk kien qisu qed ikellem il-ħajt sebgħa u għoxrin fix-xogħol u hi l-figura żejda li qed toħloqlu l-ostakli fil-ġirja tiegħu biex jaħdem iktar xandru kienu qegħdin bilqiegħda fuq blata kbira li kienet ftit ogħla min-nies biex b' hekk kulħadd ikun jista' jarahom meta jkellmuhom,fejn poġġejn iha lastra tridx niefqu haw nistennew li jżemmgħa qagħda billi nuqtlilha l-aħrus tagħha billi n jasrilha -niesa billi neħħodha bil-forz taħtidejja daqqa fuq il-kotz tgħonqhom u laqqas naħseb ma rid żgiċċ ma rafx kif jaqbad iwieġbu l-ebda sor klarrisa ma kienet tider qatt ma għanx divorzju hawn n nieħdu grokk kien qisu qed ikellem il-ħajt sebga ugħoxrin fix-xogħol u l-figura żejda li toħloqlu l-ostakli fil-ġirja tiegħu biex jaħdem aktar xandru kienu qegħdin bilqiegħda fuq il-blata kbira li kienet ftit għola min-nies biex b' hekk kulħadd ikun jista' jarawha meta jkellmuhom
clip_044,79,31.947,4.451,0.139,0.0,0.0,0.1975,0.0537,ma naħsibx li mort ħafna żball u x' aktarx li z-żmien lili wkoll għad jagħtini raġun vassall waqaf fil-quċċata ta' dik il-għolja b' idu l-waħda fuq il-pum tax-xabla u l-oħra bis-sejf mislut fiha donnhom kienu qed jitkellmu b' ilsien barrani kien stieden lil dawk li kellhom xi stejjer għat-tfal biex jibagħtuhom għal dal-programm iżda kienu jintgħarfu sew mid-daqs u l-piż mnejn sa fejn daqsxejn ta' tabib għandu jkun maħbub minn kulħadd u jien ħadd ma jħares lejja ġralu xi ħaġa żgur,ma naħsibx li mort ħafna sbal u xaktarliżmien lili wkoll qad jagħtini raġun vassal waqaf fil-quċċata ta' dik il-għolja b' idu l-waħda fuq il-pum tax-xabla u l-ieħor bissejf mislut fiha donnhom kienu qed jitkellmu bilsien barrani kien stieden lil dawk li kellhom xi stejjer għa -tfal biex jibagħtuhom għal dal-programm iżda kienu jintarfu sew mid-daqs u l-piż mnejn sa fejn daqsxejn ta' tabib għandu jkun maħbub minn kulħadd u jien wa ħadd ma jħares lejha ġralu xi ħaġa żgur
clip_045,88,49.344,15.344,0.311,0.0,0.0,0.1798,0.0417,u kappell ġo rasu biex imur jaqbad hom u jaqfilhom f' posthom u għandu basket wara dahru ried jitbiegħd b' xi mod minn dan il-post ħalli ngħidlek mast beda jħarref lix-xwejjaħ b' ton l-aktar serju dawk qatt ma nkun irrid narahom m' għarafx il-kitba iżda dehret xogħol id femminili u dan kien dettall li beżżgħu hemm nies jiggranfaw miegħu jitilgħu bilqiegħda fuqu mur landa itlaq beda jgħajjat marku f' daqqa waħda qabadni paniku kbir xi ħadd ħalla l-bieba tal-gallinar miftuħa u bla ma qagħad jaħsibha darbtejn xeħet kowt fuqu,u kappel ġo rasu biex imur jaqbadhom u jaqfilhom f' posthom u għandu basket wara daru ried jitbiegħet b' xi mod minn dan il-post ħalli ngħidlek mast beda jħarref lix-xwejjaħ b' ton l-aktar serju dawk qatt ma nkun iried narahom ma rafx il-kitba iżda dehred xogħol id femminili u dan kien dettal li beżżgħu hemm nies jiggranfaw miegħu jitilgħu bilqiegħda fuqu mur landa tlaq beda jgħajjat marku f' daqqa waħda qabadni pàniku kbir xi ħadd ħallha l-biewa tal-gallinar miftuħa u bla ma qad jaħsibha darbtejn xiħed kowt fuqu
clip_046,96,52.676,22.214,0.422,0.0,0.0,0.1649,0.0268,imbagħqd fillgħodu konna mmorrun nikxfu x-xkora biċċa biċċa il-mużika iktar mgħaġġla wenzu baqa' bħal mixrub fih innifsu jħares lejh iktar ma tkun qed tweġġa' iktar tkun qed tagħmel dak li jrid isir kulħadd kien bilwieqfa u mtertaq bit-tensjoni filwaqt li l-minuti bdew għaddejjin bil-mod x' jidhrilkom l-aħwa kien imissha kompliet il-kors tal-pittura bil-kwiet u ma qanqlet xejn li jippreġudika l-ħila tagħha f' qasam daqshekk għal qalbha tassew ġieni tajjeb iż-żarbun li bgħattli iż-żewġ kaxxi kienu mkebbin f' karti bħal xulxin u marbutin bl-ispag qishom xorta tomi ftakar li dan kien għadu ma lestiex il-proġett għal nhar it-tnejn,imbagħad filgħodu konna mmorru nikxfu xkora biċċa biċċa il-mużika iktar mgħaġla wenzu baqa' bħal mixrup fih innifsu jħares lejh iktar ma tkun qed tweġġa' iktar tkun qed tagħmel dak li jrid isir kulħadd kien bilwieqfa u mtertaq bit-tensjoni filwaqt lil il-minuti bdew għaddejin bil-mod x' jidhrilkom l-aħwa kien imissa kompliet il-kors tal-pittura bil-kwiet u ma qanqlet xejn li jippreġudika l-ħila tagħha f' qasam daqshekk għall qalba tassewġieni tajjeb iż-żarbun li bgħatli iż-żewġ kaxxi kienu mkebbin f' karti bħal xulxin u marbutin bl-ispakk qishom xorta tomi ftakar li dan kien għadu ma lestiex il-proġett għal nhar it-tnejn
clip_047,85,39.359,8.02,0.204,0.0,0.0,0.2442,0.0626,il-bibeta damet sejra sas-sigħat bikrin ta' filgħodu l-imħabba kienet għadha ma ħabbtitx fuq il-bieb tagħha din kienet tilgħab biha ommok meta kienet tamparek qaltlu n-nanna meta telaq kulħadd qagħad kwiet u hawn in-nervi tan-nannu bdew telgħin klara hekk kif naraw dik l-espressjoni stramba fuq wiċċu konna lkoll nogħxew bid-daħk u xi ħadd minn wara kien jgħid ara s-sir qed jidħak kienet tħossha konvinta li ommha u missierha ma jirrifjutaw qatt li jrabbu lin-neputija f' dak il-waqt insiet il-ktieb li kienet qiegħda taqra u ħallik minn dik,il-biba te dagħmet sejra sas-sigħat bi krin ta' filgħodu l-imħabba kienet għadha ma ħabbtietx fuq il-bieb tagħha din kienet tilabbiha ommok meta kienet tamparek qalt lun-nanna meta telaq kulħadd qgħad kwiet u hawn in-nervi tan-nannu bdew tilgħajn klara hekk kif naraw dik l-espressjoni stramba fuq wiċċu konna lkolmaxew bid-daħk u xi ħadd minn wara kien jgħid għaras-ser qed jidħaq kienet tħossha konvinta li ommha u missierha ma jirfitaw qatt li jrabbu lin-neputija f' dak ilwaqt insit il-ktieb li kienet iegħda taqra u ħallik minn dik
clip_048,57,25.25,2.892,0.115,0.0,0.0,0.1935,0.0515,illum m' għadux ikollhom ħafna ġlied u anki jekk ma jaqblux f' kollox f' kollox xorta waħda jirrispettaw ħafna lil xulxin kienet mifnija bin-ngħas ħadd ma weġibha fittixt il-wens f' dirgħajn il-madalena il-biża' tiegħu kien imħallat ma' eċċitament u tama li forsi se jkun jista' jsib xi risposta jew spjegazzjoni għal dawn l-affarijiet strambi kollha li kienu qed jiġrulu givmi three jers,illum għadux ikollhom ħafna ġlied u anke jekk ma jabblux f' kollox f' kollox xorta waħda jirrispettaw ħafna lil xulxin kienet mifnija bin-nagħas ħadd ma weġibha fittixt il-wens f' dirajn il-madalena il-biżħa' tiegħu kien imħallatmaċitament u tama li forsi se jkun jista' jsib xi risposta jew spjegazzjoni għal dawn l-affarijiet strambi kollha li kienu qed jiġrulu givmitriers
clip_049,99,48.729,15.302,0.314,0.0,0.0,0.2812,0.0668,gradwajna flimkien issa jfiġġu minn hawn issa jidhru minn minn hinn filli ma tarahomx filli tilmaħhom ġot-toqba l-kbira u tgħidx kemm ħin għaddew fil-logħob min jaf riku għolla spalltu 'l fuq b' sinjal li għalih kien tajjeb u xon dar lejn abram mitejn u disgħa wara mija u erbgħa mija u ħamsa jitħaxwex mal-purtiera tax-xawer qalilha bil-ftit li kien jaf ħażina jaħtafha grezzju ir-ir-rġiel żammu ruħhom fil-bogħod kemm setgħu u l-belt taret f' daqqa wħada kamp tal-franċiżi kien jasal dejjem qabel kulħadd biex jiflaħ l-iskola u jħejji kollox sa ma jidħlu t-tfal kunċett ma nafx jien,gradwajna flimkien issa jfiġġu minn hawn issa jidru -minn inn fil li ma tarahomx fillit 'il maħhom ġot toqba l-kbira u tgħidx kemm il-ħin għaddew fil-lgħob min jaf rik ollha spaltu 'il fuq b' sinjal li għalih kien tajjeb u xon dar lejn abram mitejn u disgħa wara mija u erbħa mija u ħamsa jidħa xwex mal-purtiera tax-xower qalilha bil-ftit li kien jaf ħażina jaħtafha grezzju -irġiel żammu ruħhom fil-bogħod kemm setgħu u l-belt saret f' daqqa waħda kamp tal-franċiżi kien jasal dejjem qabel kulħadd biex jiflaħ -l-iskola u jneħħi kollox sa ma jidħlu -tfal kunċett ma nafx xien
clip_050,105,53.67,26.904,0.501,0.0,0.0,0.3125,0.0737,ajrin xtaqet tibilgħu melkjor kien l-iktar wieħed inteliġenti fosthom u dan il-fatt kien jipprova jif takarhom kull mument li kien jista' jipprova jillixxa b' wiċċ idu u jikteb l-erba' linji taħt xulxin kien verament għajjien u kellu ħafna ġuħ ġismu kien kollu muġugħ u rasu riedet tisplodi s' issa għadha ma ħaditx ra l-festi tad-dmija dmija mal-ħitan dmija mal-madum abjad dmija ma' fuq il-ħwejjeġ dmija mal-bibien tal-karozzi mill-espressjoni ta' niket fuq wiċċha ġanni ħaseb li miet xi ħadd u xejn ma kienet issibha bi tqila biex titla żewġ sulari kuljum min jaf għal kemm-il darba forsi għalik ried jgħidlu li għadek żagħżugħ ħajtek quddiemek dak il-ħalliel kien se jagħtih ferħ ta' ġenn,gajrin xtaqet tibilgħu melchiur kien l-iktar wieħed intelliġenti fusthom u danil-fatt kien jipprova jiftakarhom kull mument li kien jista' jipprova jilixxa wiċċu b'idu u jikteb l-erbgħa linji taħt xulxin kien verament għajjien u kellu ħafna ġuħ ġismu kien ukoll muġuħ u rasu riedħet tisplodi s' issha għadha ma għaditx ralvistita dmija dmija mal-ħitan dmija mal-madun abjad dmija fuq il-ħwejjeġ dmija mal-bibin tal-karozzi mill-espressjoni ta' niket fuq wiċċha ġanni ħaseb li miet xi ħadd u xejn ma kienet isibha bi tqila biex titla' żowġ sulari kuljum min jaf għalkemil darba forsi għalik riedu jgħidulu li għadek żagħżugħ ħajtek quddiemek dak il-ħalliel kiense jjtih ferħ ta' ġen
clip_051,70,33.809,4.963,0.147,0.0,0.0,0.2571,0.054,jason u estella kienu jinsabu fl-arja faċċata ta' xulxin iżda kienu jidhru differenti ħafna jista' jkun f' waqt il-ħ ħbit tal-bieraħ rajt taħdem għall-ewwel darba dik li hawn f' laskaris isejħulha operejxin rum f' din il-gżira imsejħa anuba kien jgħix il-farawni li kien imexxi il-mexxej tan-nies kollha li jgħixu fir-raba' dinja kif qalilna l-gvernatur jaħsbu li l-ġermaniżi jistgħu jinqdew bl-iljieli ta' bnazzi li ġejjin biex jaħbtu għalina bl-ajru u bil-baħar,jason u stella kienu jinsabu fl-arja faċċata ta' xurxin iżda kienu jidhru differenti ħafna jista' jkun f' waqt il---ħbit tal-bieraħ rajt taħdem għall-ewwel darba dik li hawn flaskarest isejħula operation rom f' din il-gżira msejħa nuba kien jgħix il-farawni li kien mexxi il-mexxej tan-nies kollha li jgħixu fir raba' dinja kif qalilna l-gvernatur jaħsbu li l-ġermaniżi jistgħu jinbdew billi ili ta bnazzi li ġejjin biex jaħbtu għalina bl-ajru u bil-baħar
clip_052,101,51.592,16.879,0.327,0.0,0.0,0.2596,0.0541,kull sulfarina kienet terġa' tirrakkuntali l-istorja tagħha ħafna diġà qed ibassru li l-biċċa se tiġri fl-elfejn u tnax malli jasal mhu se jkollu bżonn jiftakar xejn forsi lanqas lill-mingu li ma sillimlux ritornell kiċċ deherlu li tnejn min-nies għaddew kemm-il darba minn taħt it-tieqa donnhom ridu jisimgħu x' qiegħed jingħad ġewwa dawk il-platti daħħalhom għax nimtlew nemel qgħadt ftit fuq l-għatba imbagħad għalaqt l-antiporta warajja u bexxaqt il-bieb enessesin f' dak il-waqt ajruplan ingliż ta' billejl ħass wieħed minnhom ħabat għalih u ġarrfu l-baħar ta kull sena il-patrijiet li kien hemm fil-kunvent ta' fra mudest kienu jingħaqdu ma' patrijiet oħra u jattendu għal irtir,kull sulfarina kienet tgajġal tirrakkuntali l-istorja tagħha ħafna diġà qed ibassru li l-biċċa se tiġri flelfejn u tnax malli jasal mu se jkollu bżonn jiftakar xejn forsi lanqas lil mingu li ma sillimlux ritornell kiċċ dejlu li -tnejn min-nies għaddew kem-il darba minn taħt it-tieqa donnhom ridu jisimgħu x'' qiegħed jingħadt ġewwa dawk il-platti daħħalhom għax nimtlew nemel qgħadt ftit fuq l-għatba imbagħad għalaqt lantiporta warajja u bexċaqt ilbieb anessesin f' dak ilwaqt ajruplan ingliż tabillejl ħass wieħed minnhom ħabatgħalliħuu ġarfu l-baħar ta' kull sena il-patri li kien emm fil-kunvent ta' fra mudest kienu jingħaqdu ma' patrijt oħra u jattendu għall-irtir
clip_053,69,32.822,5.0,0.152,0.0,0.0,0.1471,0.028,xħin waslet fl-indana tal-ewwel sular daret għall-kuritur fejn kien hemm il-kamra ta' tomi il-kamra tagħha u dik tat-tewmin imma xiex meta fl-aħħar waqqaf u ħareġ mil-land rover is-sewwieq ra liż-żewġ żgħażagħ jiġru fid-direzzjoni minn fejn kien ġej fittixt marki u sinjali li ħallew warajhom u rnexxieli nsib ftit forsi ankei dawwar rasu u jara x' hemm warajh jew iqum bilwieqfa kemm jara fejn kien s-jgħaddi s-sigħat li jmliss,xħin waslet fl-indana tal-ewwel sular daret ħal-kuritur fejn kien hemm il-kamra ta' tommy il-kamra tagħha u dik tat-tewmin imma xiex meta fl-aħħar waqqaf u ħareġ millandrover is-sewwieq ra liż-żewġ żgħażagħ jiġru fid-direzzjoni minn fejn kien ġej fittiex t marki u sinjali li ħallew warajhom u rnexxieli nsib ftit forsi anke dawwar rasu u jara x' hemm warajh jew iqum bilwieqfa kemm jara fejn kien se jgħaddi s-sigħat li jmiss
clip_054,101,50.966,16.883,0.331,0.0,0.0,0.198,0.0447,qisha ħrafa wara tlett ijiem ta' kura u fsied ħassu tajjeb biżżejjed biex iqum bilwieqfa għal ftit minuti imma fil-ħdud ta' żmien il-għid filgħodu kien joħroġ il-vjatku solenni sur guljermu lorenzi b' erba' xiehda fuq fuq kien qiegħed jieħu s-sentenza tal-mewt bħala kap tal-konfoffa ma weġibhiex lanqas biss ta kasha kliemha ma ttimbrax ruħu f' moħħu il-għaliex kien band oħra u l-ħsieb jimxi bil-mod wisq biex ilaħħaq mal-ħtieġa is-sempliċità dej jum indipendenti għat-tfal fl-imperu brittanniku l-ors waqaf issa ġietu l-opportunità perfetta li jwettaq din il-ħolma igawdiha mqar għal xahar anki jekk ikollu joħroġ il-flus kollha li kellu l-bank bħala depożitu notabile,isha ħrafa wara tlett iiem ta' kura u fsied ħassu tajjeb biżżejjed biex iqum bilwieqfa għal ftit minuti imma fil-ħidut ta żmien il-għajd filgħodu kien joħroġ il-vjatku solenni sur gulier mu lorenzi b' erba' xhieda fuq fuq kien qiegħed jieħu s-sentenza tal-mewt bħala kap tal-konfoffa ma weġibhiex anqas biss tagħ kasa kliema ma ttimbrax ruħu f' moħħu ilaliex kien banda oħra u l-ħsieb jimxi bil-mod wisq biex ilaħħaq mal-ħtieġa is-sempliċità daj jum indipendenti għat-tfal fl-imperu brittanniku lors waqaf issa ġietu l-opportunità perfetta li jwettaq din il-ħolma igawdiha mqara l-xagħar anki jekk ikollu joħroġ il-flus kollha li kellu l-bank bħala depożitu notable
clip_055,74,28.304,3.855,0.136,0.0,0.0,0.2055,0.0498,mela agħtini bewsa arġa' aħlifli li ma tkun ta' ħadd ħlief tiegħi iġri iġri ma tarax li ġejjin żewġ suldati warajna bid-doni tiegħu sħaħ mill-ġdid ħadd u xejn ma seta' jwaqqfu lanqas ħutu kollha f' daqqa għax dawk ma kinux aħjar minn kif kien hu issa f' liema skolu tattendi u meta nkun mingħalija ġbart it-tagħrif kollu dwarha x' aktarx nibagħdilha ittra jew messaġġ ma' xi ħad aktarx kienet qed tistenniek tagħmel kollox,mela tini bewsa arġa ħlif li li ma tkun ta' ħadd ħlief tiegħi iġri iġri ma tarax li ġejjin żewġ suldati warajna bid-doni tiegħu sħah mill-ġdid ħadtu xejn ma seta' jwaqfqu lanqas ħutu kollha f' daqqa għax dawk ma kinux aħjar minn kif kien u issa f liema skola tattendi u meta nkun minn għalija ġbart it-tagħrif kollu dwarha x' aktarx nibatelha ittra jew messaġġ ma' xi ħadd aktarx kienet qed tistenniek tagħmel kollox
clip_056,129,54.909,30.152,0.549,0.0,0.0,0.2143,0.0451,u s-sinjur ħalaq lil eva qgħadna nħarsu lejn faxex vjola jirragaw jirrigaw is-sema qed jiskura beda jerġa' jieħu gost b' dik il-faċċata u f' daqqa induna li kien qed jitlef ir-riżoluzzjoni li telaq biha mill-isptar reġa' dar lura u kompla jsegwi r-riħa sakemm wasal quddiem il-bieb tal-librerija li kien ftit imbexxaq vili martu kienet bniedma vili biex waslet safejn waslet niżlu sal-mansab ta' ċagħli niżlu sal-mansab ta' ċali l-iswed u tellgħulu fuq is-saqaf tad-dura kien donnu qiegħed joħlom xi ħaġa sabiħa u lanqas ma jinkwieta jekk in-nofs mimli hux biżżejjed sakemm joħroġ mill-isptar konna nagħmlu l-platti fondi tas-soppa fuq dawk ċatti tal-għaġin il-forn indawru sarvetta tal-karti bajda f' tazza vojta mill-kbar u npoġġu l-buqar tal-ilma fin-nofs jgixu ħajja virtwali jiċċaltaw u jidħlu f' avventura wara oħra,u s-sinjur ħalaq lil eva qħadna nħarsu lejn faxex vjola jirragaw jirrigaw s-sema qed jiskura beda jerġa' jiħu pos b' dik il-faċċata u f' daqq nduna li kien qed jitlef ir-riżoluzzjoni li telaq biha mill-isptar reġa' dar lura u kompla jsegwi riħa sakemm wasal quddiem il-bieb tal-librerija li kien ftit imbexxaq vili martu kienet bniet ma' vili biex waslet sa fejn waslet niżlu salmansab ta' ċali niżlu salmansab ta' ċali l-iswed u tellgħawlu fuq is-saqaf taddura kien donnu qiegħed joħlom xi ħaġa sabiħa u lanqas ma inkwieta jekk in-nofs mimli ux' biż-żejjed sakemm joħroġ mill-isptar konna nagħmlu platti fondi tas-soppa fuq dawk ċatti talgħaġin il-forn indawru s-sarvetta tal-karti bħajta f' tazza vojta mill-kbar u npoġġu l-buqar tal-ilma fin-nofs jgħixu ħajja virtwali jiċċajtaw u jitlu f' avventura u wara oħra
clip_057,123,51.974,22.658,0.436,0.0,0.0,0.2835,0.0595,bis-saħħa t' hekk il-ktieb it-tmien kontinent li kont ippubblikajt is-sena ta' qabel beda jiġbed l-attenzjoni tal-pubbliku u ma damx ma beda jinħataf xtaqt taqbad tneħħilha l-bikini quddiem kulħadd ħadd ma kien qed iħares eniwej darba inzerta maltemp kbir u konna bdejna ntellgħu u nniżżlu jekk immorrux jew le imbagħad meta jbusha bil-lajma kienet tħossha qed tintelaq ħelu ħelu fuq l-ispjaġġa u tagħlaq għajnejha xi ħadd minna kien ikollu kaxxa tal-kartun jew biċċa plajwud u fuq xifer minnhom kien ikollna numru ta' qatgħat kwadri jew nofs tond kemm jgħaddi boċċu ftit imlaħlaħ int moħħok haw ara li r-rajtengil ikollu x' jiekol u x' jixrob il-boksfajl kien vojt darba waħda qaltlu kien hemm farfett li ħaseb li hu l-isbaħ ħlejqa fil-ġnien min qatel 'il farruġ jinsab maqtul gerger qajla,bis-saħħat hekk il-ktieb it-tmiem kontinent li kont ippubblikajt is-sena ta' qabel beda jiġbed l-attnzjoni tal-pubbliku u ma damx ma beda jinħataf xtaqt taqba neħħilha l-bikini quddiem kulħadd ħadd ma kienqed iħares niwej darbnzerta maltem kbir u konna bdejna ntella u n-niżlu jekk immorrux' jew le imbagħad meta jbusa bil-għajma kienet tħossha qed tintelaq ħeluħelu fuq l-ispjaġġa u tagħlaq għajnejha xi għad minnha kien ikollu kaxxa tal-kartun jew biċċa plajwud u fuq xifer minnhom kien ikolna numru ta' qatgħat kwadri jew nofs tond kemm jgħaddi boċċu ftit imlaħlaħ int moħħok haw ara lilrajtengli jkollu x' jiekol u xi xrob il-boksfil kien vojd darba waħda qaltlu li kien hemm farfett li ħaseb li hu li sbaħ ħlejqa fil-ġnien minn qatel il-farruġ insab maqtul gerger qajla
